Scheme,Profile,Avg RTT,95th RTT
cubic,1,91.04783333333332,138.2675
cubic,2,95.65183333333333,143.2845
bbr,1,77.26483333333333,129.00949999999995
bbr,2,89.44116666666666,139.605
vegas,1,88.11733333333332,144.37599999999998
vegas,2,91.32083333333331,135.614
